{
	"layoutName": "responsive_form",
	"class": "container-fluid",
	"children": [{
	    	"layoutName": "row",
		"model": {
		    	"class": "row",
			"children": [{
				"layoutName": "column",
				"model": {
					"class": "col-md-3"
				}
			}, {
				"layoutName": "column",
				"model": {
					"class": "col-md-9",
					"children": [{
						"layoutName": "row",
						"model": {
							"class": "row",
							"children": [{
								"layoutName": "column",
								"model": {
									"class": "col-md-4"
								}
							}, {
								"layoutName": "column",
								"model": {
									"class": "col-md-4"
								}
							}, {
								"layoutName": "column",
								"model": {
									"class": "col-md-4"
								}
							}]
						}
					}, {
						"layoutName": "row",
						"model": {
							"class": "row",
							"children": [{
								"layoutName": "column",
								"model": {
									"class": "col-md-12"
								}
							}]
						}
					}, {
						"layoutName": "row",
						"model": {
							"class": "row",
							"children": [{
								"layoutName": "column",
								"model": {
									"class": "col-md-12"
								}
							}]
						}
					}]
				}
			}]
			}
		}]
}
